{"cameraMode":{"drawMode":0,"name":"Shaded","section":"Shading Mode"},"sceneLighting":true,"audioPlay":false,"sceneViewState":{"showFog":true,"showMaterialUpdate":false,"showSkybox":true,"showFlares":true,"showImageEffects":true,"showParticleSystems":true},"in2DMode":false,"pivot":{"x":-1.6630239486694337,"y":1.1065120697021485,"z":-0.590545654296875},"rotation":{"x":-0.0055362810380756859,"y":0.972053587436676,"z":-0.23356491327285767,"w":-0.023041123524308206},"size":12.163318634033204,"orthographic":false}