{"cameraMode":{"drawMode":0,"name":"Shaded","section":"Shading Mode"},"sceneLighting":true,"audioPlay":false,"sceneViewState":{"showFog":true,"showMaterialUpdate":false,"showSkybox":true,"showFlares":true,"showImageEffects":true,"showParticleSystems":true},"in2DMode":false,"pivot":{"x":11.85344123840332,"y":-12.992225646972657,"z":33.497703552246097},"rotation":{"x":0.3483123779296875,"y":-0.014065233059227467,"z":0.005226149223744869,"w":0.9372642040252686},"size":106.70035552978516,"orthographic":false}