{"cameraMode":{"drawMode":0,"name":"Shaded","section":"Shading Mode"},"sceneLighting":true,"audioPlay":false,"sceneViewState":{"showFog":true,"showMaterialUpdate":false,"showSkybox":true,"showFlares":true,"showImageEffects":true,"showParticleSystems":true},"in2DMode":false,"pivot":{"x":-11.54843521118164,"y":-49.502288818359378,"z":-39.028076171875},"rotation":{"x":0.03159581869840622,"y":0.9119866490364075,"z":-0.4026934802532196,"w":0.07155553996562958},"size":186.4495086669922,"orthographic":false}